qid,question,answer_id,video_id,a0,a1,a2,a3,start,end,id
6,How many lemon pieces are there?,0,668NBDl9gVM_120_180,1,2,3,4,121,125,668NBDl9gVM
10,what is the name of the place,0,zW7FOSeV530_0_60,Mary's greenhouse,peters,Paul's,Charlie's,24,41,zW7FOSeV530
19,How many bowls are on the table that she's working at?,0,kocA0--bcvc_0_60,7,6,9,5,3,7,kocA0--bcvc
21,What company is responsible for this clip?,0,7tBHUmxNqVg_120_180,Anna's Flowers,Picking's Florist,Freytag's Flowery,Walmart,159,180,7tBHUmxNqVg
34,What makes this spicy?,0,NOuQuofjk44_180_240,hard pepper,chili,ginger,garlic,188,239,NOuQuofjk44
46,What color are the scissor handles ?,0,JnWx0SZ7Pw0_60_120,White,It's a wooden spoon.,Black,Blue,62,66,JnWx0SZ7Pw0
47,what is the color of the dress the lady is wearing?,0,p6rcHJBO0AI_120_180,the color red,the color brown,the color blue,the color purple,120,131,p6rcHJBO0AI
48,what is the color of his shirt,0,Lj2asVY2SCI_180_240,blue,red,orange,black,207,226,Lj2asVY2SCI
52,What is the presenter's favorite poinsettia?,0,kZIsTMzhoZo_0_60,The infinity poinsettia,The Christmas poinsettia,The Easter poinsettia,The icicle poinsettia,0,54,kZIsTMzhoZo
54,Where is Leonard Perry working?,0,TFshe3RoMTc_0_60,University of Vermont Extention,In the hospital,In Nursery,In the garden,12,26,TFshe3RoMTc
57,what is the color of leaves?,0,TFshe3RoMTc_60_120,pink,Green,orange,black,64,71,TFshe3RoMTc
60,What do you think is most likely the name of this speaker's video channel?,0,DUEyiEnMVj4_0_60,"his channel is called ""whatsdev""","his channel is called ""professional graphix""","his channel is called ""digitaldezignz","his channel is called ""graphics co.""",12,13,DUEyiEnMVj4
64,How many diamond shapes are there ?,0,F_A9dp-SQ-s_0_60,Thirteen to fifteen,Six,Zero,Two,4,9,F_A9dp-SQ-s
86,what is the color of plate?,0,BVlGoJOCH94_60_120,green,pink,yellow,black,64,72,BVlGoJOCH94
87,what is the man wearing on his head?,0,mgRG0lIQCm0_120_180,cowboy hat,a bandana,a beanie,a hood,120,124,mgRG0lIQCm0
92,What kind of flower is featured in this clip?,0,IVoOzXzOa9c_180_240,Orange Spice,Yellow Tulips,Sunflowers,Blue Violets,223,237,IVoOzXzOa9c
94,How many optional ingredients are displayed in the clip?,0,BVlGoJOCH94_120_180,two ingredients,one ingredient,six ingredients,seven ingredients,164,180,BVlGoJOCH94
96,What color is the sugar clip ?,0,sMNiYqB-6j8_180_240,Green,Red,Black,White,187,193,sMNiYqB-6j8
105,What kind of flowers are grown in this greenhouse?,0,ArEU1IOEC0E_60_120,poinsettia,tulips,roses,carnations,60,66,ArEU1IOEC0E
109,What is the name of the guide in this clip?,0,QBWAZrWUz68_0_60,Hallelujah Gardening Guide,Faithful Gardening Tips,Powerful Outdoor Advice,Uplifting Living Guide,11,22,QBWAZrWUz68
111,which equipment is the person using to mix ?,0,uCSrCgHogq8_60_120,spoon,fork,spatula,knife,60,65,uCSrCgHogq8
112,What does the Lego worker toy do?,0,XvHSlHhh1gk_0_60,Hearing music and walking,Fighting,Crying,Running,17,34,XvHSlHhh1gk
114,what is the color of the gift wrap?,0,QBWAZrWUz68_60_120,green,white,blue,yellow,94,98,QBWAZrWUz68
117,How many LED lights are there?,0,xtq3wSiy1iw_0_60,5,6,7,2,53,59,xtq3wSiy1iw
118,what is the color of santa cap,0,G2X6Fre5u9s_0_60,red,blue,green,black,25,37,G2X6Fre5u9s
135,How many times were items put into the clay pot ?,0,ZCvwmQPIQCo_120_180,Eight to Ten,Five to Seven,Two to Three,Four,158,181,ZCvwmQPIQCo
143,How many containers are visible in this clip?,0,ZCvwmQPIQCo_180_240,two,one,three,none,227,241,ZCvwmQPIQCo
148,How may covered plants in the video?,0,jA-g2mklWQ4_0_60,2 plants,3 plants,4 plants,No plants,7,26,jA-g2mklWQ4
157,Which code is written in line 2?,0,ceOWIrL5yLw_180_240,<html>,<body>,<end now>,<if>,180,185,ceOWIrL5yLw
159,How many knief are used in this video?,0,iqtCKybcSL8_120_180,Two,One,Six,Five,150,169,iqtCKybcSL8
171,Why is the woman holding a cutting board?,0,w5iRaOAuAEo_60_120,to pour ingredients into a bowl,to organize the kitchen counter,the woman is not holding a cutting board,to rinse the cutting board,109,122,w5iRaOAuAEo
192,What is the Poinsettia called?,0,h24QJXxEDys_120_180,Winter Rose,Luv u pink,Rose,Pink,178,182,h24QJXxEDys
195,How many drinks are on the table?,0,aHizjPRmdSI_120_180,5,7,10,9,154,165,aHizjPRmdSI
206,What is the color of machine?,0,jRNhRPmyBc0_0_60,Yellow,Pink,White,Red,39,50,jRNhRPmyBc0
208,How to water the plant,0,UxnyTo1NkEU_120_180,No need regular intervals,regular interval,Monthly,Weekly,120,143,UxnyTo1NkEU
233,What does the person stir the food with.,0,xbYZ-IwrE4g_60_120,A fork.,A spoon.,A spatula.,A whisk.,98,108,xbYZ-IwrE4g
239,How many member are there?,0,6He1T1TsHu8_120_180,74,5,3,1,125,135,6He1T1TsHu8
240,howmany plants are there?,0,63o8lbQGFgg_60_120,1,10,2,6,64,72,63o8lbQGFgg
241,What is the color of the foil?,0,6He1T1TsHu8_180_240,Silver,Brown,Grey,Green,206,221,6He1T1TsHu8
243,How to trigger the green color to red color?,0,63o8lbQGFgg_120_180,Put the plant in the Sunlight,Using more water,Lock the plant in a room,Pinch the leaves,133,150,63o8lbQGFgg
267,What production name is mentioned in this video?,0,G2X6Fre5u9s_180_240,My froggy stuff production,my stuff production,my production,froggy production,216,225,G2X6Fre5u9s
268,How many members are there?,0,YSlfSEuIlDE_180_240,4,6,8,2,185,198,YSlfSEuIlDE
285,white is the color of the plant,0,J38CIkRLpB8_120_180,green and red,blue and white,Orange and green,Pink and white,148,160,J38CIkRLpB8
287,What is the color of his T Shirt?,0,ypFFypxV11U_0_60,Grey,Black,blue,Red,18,30,ypFFypxV11U
295,How many blue-petal flowers are there ?,0,gEAypCpjbj0_0_60,Fourteen,Thirteen,Fifteen,Zero,0,6,gEAypCpjbj0
300,How many ingredients are added to the pot in the clip?,0,ypFFypxV11U_120_180,one ingredient,five ingredients,ten ingredients,no additional ingredients are added,133,140,ypFFypxV11U
301,What was the color of the watch she is wearing?,0,gEAypCpjbj0_60_120,Golden color,Black color,White color,Grey color,62,100,gEAypCpjbj0
302,Which leaf in the middle of the dish?,0,873g2WRO7J0_120_180,Mint leaf,Coriander leaf,Holy Basil,Curry leaf,135,149,873g2WRO7J0
312,How many dials are on the left cooker?,0,dA0dkByTOpY_120_180,6,3,9,2,143,151,dA0dkByTOpY
334,What is the brand name of the machine?,0,hpFnZmPsHVo_180_240,Singer,Bernina,Jaguar,Juki,225,238,hpFnZmPsHVo
335,What is the color of the mouse near the laptop?,0,LHf2qYG7JMI_60_120,white,black,blue,green,100,114,LHf2qYG7JMI
336,what is the color of her t-shirt?,0,hJrYxD4fJ6o_60_120,Violet,Red,Black,Orange,66,82,hJrYxD4fJ6o
345,How many rings is the woman wearing ?,0,OOHxGt4puaY_120_180,None of these.,Two,Three,Zero,144,150,OOHxGt4puaY
366,what else does the streamer  put beside grated mango?,0,G92cmRWh7TE_0_60,salt,corainder,sugar,oil,50,60,G92cmRWh7TE
369,how many vegetable used to make a salad?,0,G92cmRWh7TE_60_120,four vegetables added to made the salad,cucumber was finally added,onion was essential for the salad and so added first,comparatively garbage more quantity used in the salad,64,104,G92cmRWh7TE
373,How many members are there?,0,YDV3aiqTXRQ_0_60,1,2,3,4,29,41,YDV3aiqTXRQ
383,Who is featured in this clip?,0,YDV3aiqTXRQ_60_120,David Cooley,Jonathan Wisher,Wiley Coyote,Arnelle Donathan,71,81,YDV3aiqTXRQ
385,What is the name of the host of the program Better Homes and Gardens?,0,yE8WDWOv7x4_0_60,Stephen Orr,Michael Wlliams,John Murray,Jeff Green,30,60,yE8WDWOv7x4
386,"Who ""salutes men who made a difference in the 20th century?""",0,YDV3aiqTXRQ_120_180,The Abbey,The Alley,The Alehouse,The Asbury,147,156,YDV3aiqTXRQ
399,what is the color his shirt?,0,HkRh-QIvkpw_0_60,black,green,yellow,red,27,37,HkRh-QIvkpw
401,What was added immediately after the chopped mangoes?,0,SN6XaZisipw_180_240,Chopped tomatoes.,Diced onions.,Minced garlic.,Chopped Peppers.,218,224,SN6XaZisipw
403,How many cloths are shown in this video?,0,R857zgkpHOg_60_120,Nine,Two,Three,Four,60,72,R857zgkpHOg
405,what is the name of color?,0,HkRh-QIvkpw_60_120,pink,black,blue,red,66,79,HkRh-QIvkpw
406,What does the person crack over bowl?,0,3X1zee9F7Wg_60_120,brown egg,white egg,ground pepper,cake mix,99,103,3X1zee9F7Wg
412,What does the person use to stir bowl 13 seconds in video?,0,3X1zee9F7Wg_120_180,wooden spoon,metal whisk,plastic fork,plastic spoon,132,138,3X1zee9F7Wg
417,What color is the man's apron in this scene?,0,x5RbvFtlZ1M_0_60,green,red,white,black,32,60,x5RbvFtlZ1M
419,What is the color of the fridge?,0,3X1zee9F7Wg_180_240,Blue,Green,White,Yellow,180,193,3X1zee9F7Wg
424,Which herb did the lady use ?,0,7r8s4izoqLU_180_240,Thyme.,Basil,Mint,Coriander.,180,191,7r8s4izoqLU
431,what is the color of her t-shirt?,0,Brbu8o-irlU_0_60,Blue,Red,Orange,White,16,30,Brbu8o-irlU
439,what plant is mentioned in this video?,0,DA8YEUFUALE_120_180,Robyn,Lobelia,Coneflower,Wintergreen,146,161,DA8YEUFUALE
444,"Is the man holding anything in his left hand? If yes, what is it?",0,DA8YEUFUALE_180_240,"yes, paper",ring,Nothing,twig,180,187,DA8YEUFUALE
445,Which part of the toy pony did the speaker started to paint first?,0,CtQHzcuzbnw_0_60,the toy's front leg,the toy's hind leg,the toy's ears,the toy's tail,54,60,CtQHzcuzbnw
449,What is the color of the label on the first bottle?,0,CNj0SfeqiW8_60_120,It is a green label,It is a red Label,It is a purple label,It is a yellow label,60,76,CNj0SfeqiW8
457,What is the colour of knife in man's hand?,0,FSumgf7mUC4_60_120,Blue,Yellow,Red,Black,67,83,FSumgf7mUC4
465,What is the color of nilpolis?,0,CtQHzcuzbnw_120_180,Rose,White,Black,Red,152,166,CtQHzcuzbnw
472,what is the color of the item around the woman's neck?,0,DWE1ZL0TaiE_60_120,it is red,it is green,it is blue,it is purple,60,65,DWE1ZL0TaiE
476,Where does the blonde woman place the salt once she is done with it?,0,DWE1ZL0TaiE_120_180,By the olive oil.,By the mixer in the background.,By the sink.,She doesn't move it.,177,181,DWE1ZL0TaiE
477,what is the episode number?,0,C4aO6qIbzps_0_60,27,22,20,10,12,25,C4aO6qIbzps
490,What is the color of the tool used in this video?,0,L8iwWA-VeXE_60_120,yellow,Red,White,Pink,60,72,L8iwWA-VeXE
501,Did the man hold anything in his right hand?,0,f_hFV792kkU_60_120,No,Yes,Balloon,paper,64,76,f_hFV792kkU
505,Why did the man use a spatula?,0,pbUJXZICPzg_120_180,to place food on plates,to flip the food over,to continuously stir the food,to taste the food,155,164,pbUJXZICPzg
507,What is the highest number of the square template on top of the fabric?,0,L8iwWA-VeXE_180_240,17,7,8,21,210,214,L8iwWA-VeXE
517,How many yellow flowers are there ?,0,pgKBNjiZtNo_0_60,Zero,One,Fifteen,Nineteen,18,24,pgKBNjiZtNo
521,What is being used to stir the ingredients?,0,Cfpg0Ie8MfE_120_180,wooden spoon,metal fork,plastic spatula,a whisk,120,125,Cfpg0Ie8MfE
526,What color are the utensils ?,0,29nmT9gb5iM_60_120,Black,Silver,They are Popsicle craft sticks.,White,110,117,29nmT9gb5iM
533,How Many Pots Are There?,0,pgKBNjiZtNo_60_120,5,6,8,3,61,71,pgKBNjiZtNo
536,How many bones are there ?,0,i4X1wf6o3VA_60_120,Eight,Two hundred Six,Two,Four,71,76,i4X1wf6o3VA
551,What color is the spatula used for mixing the ingredients?,0,DM7fHvxc1G4_180_240,green,blue,red,white,180,186,DM7fHvxc1G4
569,What is the color of the background of this video?,0,09UHqc313Us_120_180,Black,Red,White,Green,120,160,09UHqc313Us
574,Which product was holding in women's hand?,0,29nmT9gb5iM_120_180,Borax,Sodium,Calcium,Nitrate,127,145,29nmT9gb5iM
582,How many rolling pins are sitting on the countertop in this clip?,0,TYUFfuc7Lt4_0_60,four rolling pins,three rolling pins,two rolling pins,no rolling pins,28,37,TYUFfuc7Lt4
585,what is the color of the square item in front of the person?,0,kbg0xxI4iA4_120_180,it is gray,it is blue,it is green,it is white,120,126,kbg0xxI4iA4
587,How many dog are there?,0,u9ip70QuDP8_60_120,3,2,5,6,62,78,u9ip70QuDP8
589,How Many Kids are there?,0,N8HgvyWatA0_120_180,1,2,3,4,123,134,N8HgvyWatA0
606,what color are the leaves on the plant next to the man?,0,Usjszatg4QY_120_180,they are red,they are blue,they are green,they are orange,120,125,Usjszatg4QY
609,How many people are in the scene?,0,XIwv2xwa2uY_0_60,3,2,1,4,18,23,XIwv2xwa2uY
613,what is the color of leaf,0,Usjszatg4QY_180_240,Red,blue,green,Yellow,207,226,Usjszatg4QY
622,How many prawns he put into tha pan?,0,M-4Ts_QtQok_120_180,6,3,5,9,130,144,M-4Ts_QtQok
626,how many cups of cold water is poured?,0,29nmT9gb5iM_180_240,2-Jan,1,2,6,184,194,29nmT9gb5iM
638,how many eggs are there?,0,cepJ7MpKKSw_60_120,4,4 cups5,3,306,84,91,cepJ7MpKKSw
641,Beside red and pink what is the third color of poinsettia shown above?,0,5p0xbb9murI_0_60,Yellow Green,Sky Blue,Red Orange,Dark Blue,50,60,5p0xbb9murI
642,What is the name of this flower?,0,s0nVJaVHiag_180_240,Bulbine frutescens,Yellow Bulbinella,Bulbine abyssinica,Bulbine asparagales,180,192,s0nVJaVHiag
644,What is the color of the t-shirt,0,cepJ7MpKKSw_120_180,green,red,Orange,blue,142,161,cepJ7MpKKSw
647,What is the color of the soil in this clip?,0,cdaM9T7I5h0_0_60,black,yellow,green,light brown,29,41,cdaM9T7I5h0
651,What color show's the table cloth?,0,3wk_uCkwny8_120_180,Blue,Black,White,Red,144,181,3wk_uCkwny8
655,What is the color of plant leaves?,0,5p0xbb9murI_180_240,Red,Black,White,Pink,191,202,5p0xbb9murI
657,What is the color of her T Shirt?,0,3wk_uCkwny8_180_240,Red,White,Orange,Blue,208,226,3wk_uCkwny8
658,what is the color of knife?,0,Qgma8bSM93E_0_60,black,red,white,pink,9,31,Qgma8bSM93E
659,How many pieces in the pan?,0,TFQ4dGZcc-g_60_120,4,2,6,8,61,69,TFQ4dGZcc-g
661,What is the color of his T Shirt?,0,F2V6i7CKJYc_0_60,Green,Yellow,Red,Blue,47,55,F2V6i7CKJYc
665,What is the brand name of Salt?,0,F2V6i7CKJYc_60_120,KIRKLAND,Aqua Salts,Reds Salt,ORGNX Salt,104,116,F2V6i7CKJYc
669,what is the color of the lady's sweater?,0,OOZqOuBPIqs_60_120,it is green,it is gray,it is blue,it is white,60,65,OOZqOuBPIqs
677,What particular food does the press makes when you put the mixture inside?,0,F2V6i7CKJYc_180_240,Tortilla,Burger Buns,Hot dog buns,Fries,231,239,F2V6i7CKJYc
685,what color is the oven behind the lady?,0,RAb8zOoibjw_0_60,it is black,it is green,it is red,it is orange,2,10,RAb8zOoibjw
696,how many eggs are added to the recipe?,0,zLvz9gTOuc0_180_240,one egg,two eggs,a dozen eggs,no eggs are visible,184,195,zLvz9gTOuc0
698,what is the color of leaves?,0,G0nGeYUHSV4_180_240,pink,red,white,black,183,191,G0nGeYUHSV4
708,What does he do to the food at the end?,0,W_UqjdGtpeQ_60_120,Begins rolling,Begins cutting,Begins filing,Begins aerating,116,122,W_UqjdGtpeQ
709,How many arrow marks are shown in this video?,0,Z-8060HH6K0_120_180,Three,Ten,Nine,One,120,132,Z-8060HH6K0
710,What size wonton wrappers does the lady use?,0,TQpuiGdCdWo_120_180,Large Square,Half Size,Small Triangle,Large Circle,142,148,TQpuiGdCdWo
714,What is the channel name?,0,zBXbdW9CvE8_0_60,royal tv,loyal tv,live tv,news tv,0,8,zBXbdW9CvE8
721,What is the chef name displayed?,0,ua_Lv9eZ_r4_0_60,Chaz Anderson,Andrew Daviz,David Kang,Michael Friz,15,60,ua_Lv9eZ_r4
726,How Many Pots Are There?,0,n8ZxUxNBBCQ_60_120,4,2,3,5,62,84,n8ZxUxNBBCQ
734,who is the hero on the man's shirt?,0,sUfmdE1BDig_120_180,The Flash,Superman,Spiderman,Wonder Woman,120,127,sUfmdE1BDig
742,What is the brand name of the tool?,0,uzrAu5WurN8_60_120,Scotch,Snap,DeWalt,Lenox,78,93,uzrAu5WurN8
748,What item of clothing is she dealing with?,0,BLtEnymAvdY_60_120,T-shirt,Doveneck,Shirt,Jumper,66,73,BLtEnymAvdY
749,How many pairs of hands are visible and not covered?,0,43vRi0srRJA_0_60,1,4,2,0,4,15,43vRi0srRJA
751,What does the word on the middle line of the shirt say?,0,BLtEnymAvdY_120_180,NIGHTMARES,Horthwest,Tim bund,Welcome home,129,134,BLtEnymAvdY
758,What color is the material the woman is holding?,0,BLtEnymAvdY_180_240,blue,blue,black,pink,188,195,BLtEnymAvdY
761,What are the numbers seen ?,0,_szwBA2lGiE_60_120,6570,6550,6670,None of these.,65,70,_szwBA2lGiE
764,What is the brand name of the sewing machine?,0,T_AuhrM7oxU_60_120,Brother,Janome,Singer,Bernina,106,121,T_AuhrM7oxU
766,How many flowers can you see in the scene?,0,4d-VCMAWv5E_120_180,8,4,7,9,120,125,4d-VCMAWv5E
769,What is the color of the thread she is using to strich?,0,T_AuhrM7oxU_120_180,Rose color thread,Red color thread,Black color thread,White color thread,120,143,T_AuhrM7oxU
770,How many knief are shown in this video?,0,aLprljF9Iek_0_60,Six,One,Two,Ten,6,18,aLprljF9Iek
771,What would be the name of the white color bird?,0,4d-VCMAWv5E_180_240,Parrot,Duck,Sparrow,Dove,211,228,4d-VCMAWv5E
772,How many cookies are seen ?,0,MAovV0aPsJE_0_60,Three,Two,One,Zero,32,37,MAovV0aPsJE
774,How much roles in the plate?,0,aLprljF9Iek_60_120,5,4,6,7,63,120,aLprljF9Iek
780,What is the name of the month displayed in the screen?,0,x_vf0-0l9Xg_60_120,November,October,September,March,60,71,x_vf0-0l9Xg
784,Is that woman specs wearing?,0,aLprljF9Iek_120_180,No,Yes,Sure,Agree,120,132,aLprljF9Iek
788,What is the color of spoon?,0,b0XJ4sPt4zc_180_240,Pink,White,Yelow,Black,225,236,b0XJ4sPt4zc
791,What is the name of the manager?,0,hdIin7GByk0_0_60,Philip Thompsette,Philip Mayer,Philip Thompson,Phillip Latch,41,59,hdIin7GByk0
794,What is in the back right hand side of the scene?,0,nprwJmZcYWA_120_180,Fire extinguisher,Microwave,Woman,Tap,164,170,nprwJmZcYWA
796,where are the hot dog buns on the list of ingredients?,0,AcNyUr9vLJQ_0_60,underneath the pesto,above the pesto,above the butter,directly beneath the langostino tails,33,44,AcNyUr9vLJQ
800,How many earrings does she have visible?,0,MAovV0aPsJE_180_240,2,3,1,5,193,203,MAovV0aPsJE
803,Which type of category of game is this?,0,nuAR8Vy7q90_120_180,Strategy,Action,Roleplay,Adventures,129,144,nuAR8Vy7q90
805,How many ingredients are added to the pan in this clip?,0,WK4iT8Z3ftQ_0_60,one ingredient,two ingredients,three ingredients,no ingredients are added,45,60,WK4iT8Z3ftQ
810,Which year made the copyright?,0,AcNyUr9vLJQ_120_180,2017,2018,2019,2016,152,164,AcNyUr9vLJQ
816,what color is the shirt of the man in the kitchen?,0,F4YFOnab9Rs_0_60,it is blue,it is red,it is green,it is white,0,6,F4YFOnab9Rs
819,what is the color of the ball the ladies have?,0,GyoqCDLqSqg_180_240,green,white,blue,yellow,232,236,GyoqCDLqSqg
821,How many plates are available in the table?,0,zLvz9gTOuc0_0_60,Six,Ten,One,Three,22,36,zLvz9gTOuc0
822,what is the color of her shirt?,0,m445tLqH2ks_0_60,pink,blue,black,red,5,10,m445tLqH2ks
830,what is the color of gloves?,0,F4YFOnab9Rs_60_120,yellow,red,blue,green,67,75,F4YFOnab9Rs
831,how many papers are there?,0,sLbXLzsR8po_120_180,2,12,18,16,150,167,sLbXLzsR8po
832,what is the color of her t-shirt?,0,m445tLqH2ks_120_180,Pink,Red,Orange,White,132,144,m445tLqH2ks
840,What is inside the far left bottle,0,JCZGeobUvoo_0_60,Creamy caesar,Mustard,Cream,Cream ceasar,19,20,JCZGeobUvoo
844,How many cucumber slices are there ?,0,sLbXLzsR8po_180_240,Five to Six,"It is celery, not cucumber.",Four,One,196,201,sLbXLzsR8po
851,what shape is the meat formed into?,0,MfaBRiM3iv0_180_240,spheres,cubes,long strips,no meat is visible,227,241,MfaBRiM3iv0
861,What is the color of the woman's hair in the video,0,7pXu__nR964_60_120,It is blue,It is red,It is purple,It is yellow,60,67,7pXu__nR964
865,What number does she pull out?,0,7pXu__nR964_120_180,14,17,12,16,120,123,7pXu__nR964
867,What is the color of nilpolis?,0,7pXu__nR964_180_240,Blue,White,Orange,Black,180,195,7pXu__nR964
872,How many lemons are there?,0,xOM_n09AK9c_0_60,2,4,3,1,51,60,xOM_n09AK9c
873,How many glass bowl's are there?,0,RjuNA-oSbDE_180_240,4,5,3,2,180,192,RjuNA-oSbDE
882,what he put into the pan?,0,Woi1-60lEnU_180_240,paneer,jam,sauce,juice,193,209,Woi1-60lEnU
897,what does the person doing in this video?,0,M5PSUt0iCOg_0_60,cake cut with a knife,cake cutting,cut the cake,cake with knife,30,36,M5PSUt0iCOg
903,why does the person have a spatula?,0,9jWuvmvL04o_180_240,to cook on the stove,to mix cake batter,to mix cold frosting,to cook meat,219,240,9jWuvmvL04o
904,What material is the table probably made of?,0,Ue1dX8tF4ms_120_180,glass,stainless steel,ceramic tile,wood,161,180,Ue1dX8tF4ms
905,what is the color of specs?,0,v1fb_za3g2Q_0_60,black,blue,red,white,4,11,v1fb_za3g2Q
909,When is the ruler used in this clip?,0,M5PSUt0iCOg_180_240,after smoothing the object's surface,before smoothing the object's surface,while smoothing the object's surface,a ruler is not visible in this clip,227,240,M5PSUt0iCOg
910,how many kids are shown in the video?,0,v1fb_za3g2Q_60_120,One kid,Two kids,Five kids,Three kids,77,96,v1fb_za3g2Q
920,What kind of spoon is used?,0,yaZHIl-4ypY_120_180,Teaspoon,Tablespoon,Servingspoon,Soup spoon,123,130,yaZHIl-4ypY
923,What cream does the lady added?,0,cDQpNxoBCgA_120_180,flour cream,milk,nothing,dairy,120,139,cDQpNxoBCgA
933,How did the woman begin juicing the limes?,0,uW5fmiNMMOo_60_120,by cutting them first,by peeling them first,by squeezing them first,by slicing them into multiple pieces,78,88,uW5fmiNMMOo
936,What color of apple shown in this video?,0,t1IcFBEwRNU_0_60,Green,Orange,Yellow,Black,32,49,t1IcFBEwRNU
940,what does the person cut the food with?,0,l00EbbyFRko_180_240,some scissors,a knife,a saw,a pen,186,193,l00EbbyFRko
943,How many cups are there?,0,MrFb25lcnUE_60_120,6,4,9,7,82,100,MrFb25lcnUE
945,How many cup cakes are shown in this video?,0,MrFb25lcnUE_120_180,Six,One,Two,Three,128,140,MrFb25lcnUE
957,What is the seafood is shown in this video?,0,qECL-sFIH6Y_120_180,Crab,Fish,Seahorse,Shark,120,133,qECL-sFIH6Y
959,How many upright bowls are in the video?,0,H4Fy2kGgafo_180_240,3,2,4,5,180,186,H4Fy2kGgafo
961,what does the pot say in red?,0,TGAgVXWg0mk_0_60,it says off,it says on,it says go,it says stop,14,19,TGAgVXWg0mk
963,what is the color of the cup,0,TGAgVXWg0mk_60_120,blue,red,green,black,91,108,TGAgVXWg0mk
965,What is the first number shown ?,0,TGAgVXWg0mk_120_180,Forty-five,7,Twelve,Ten,138,147,TGAgVXWg0mk
967,What are the items inside the electric cooker?,0,TGAgVXWg0mk_180_240,Corns and Potatoes,Pulses and carrots,Onions and Beatroots,Garlics and Tomatos,224,235,TGAgVXWg0mk
968,"What is the color of dress, the woman wearing?",0,K0XVREmbynA_180_240,Black & Red,Red & Grey,Grey & White,White & Black,180,191,K0XVREmbynA
972,what is used to spread the mix?,0,5lqZVxoPUak_60_120,stick,knife,spoon,fork,101,113,5lqZVxoPUak
978,which is used to mix?,0,XPkJjJ0j0YU_60_120,fork,spoon,knife,spatula,61,70,XPkJjJ0j0YU
983,What type of pan is used?,0,XPkJjJ0j0YU_180_240,Metal,Glass,Plastic,Wooden,185,192,XPkJjJ0j0YU
988,What does the white text on his shirt read?,0,UTpxWx_wpUg_60_120,Simon,Silver,Sermon,Sanchez,88,94,UTpxWx_wpUg
996,What brand of cheese is used?,0,7tYcrabyVkc_120_180,Kraft,Sharp,Chedder,Mild,134,139,7tYcrabyVkc
997,How did the woman layer the fabric?,0,W7ZK-ResqCQ_60_120,by adding brown fabric on top of the pink fabric,by adding black fabric on top of the pink fabric,by folding the pink fabric over,by cutting the pink fabric into 2 pieces,91,96,W7ZK-ResqCQ
1004,how are the potatoes cut in this clip?,0,2ibSkdDq7MY_0_60,cubes,circles,spheres,octagons,0,16,2ibSkdDq7MY
1014,How many lights are turned on in this clip?,0,Op6c92srKTI_180_240,one light,two lights,three lights,no lights are turned on,216,228,Op6c92srKTI
1024,What type of earrings is she wearing?,0,YAA8kxbtsdg_120_180,Hoops,Studs,Pins,Plug,120,124,YAA8kxbtsdg
1025,When is the couple seen in this clip?,0,f5IHX3mqtHg_0_60,after the presenter speaks,before the presenter speaks,a couple is never seen,while the presenter speaks,44,60,f5IHX3mqtHg
1033,How many bottles of craft liquid are shown?,0,l1O56pxCAE0_0_60,Three bottles.,Two bottles.,One bottle.,Five bottles.,10,21,l1O56pxCAE0
1041,Which type of material is used in this video?,0,neRIqRtfV5E_180_240,Cartoon box,Paper,Wood,Plywood,180,194,neRIqRtfV5E
1054,How did the person make a flower texture on the Skinner Blend?,0,oHbVKoedb3k_60_120,Wet Wipes,Roller,Pasta Machine,Finger Ring,93,119,oHbVKoedb3k
1067,How many small bottles are there ?,0,55lmHwATNjo_0_60,One.,Two.,Three.,Zero.,21,31,55lmHwATNjo
1072,What type of material is used to cut that item?,0,1FotEKJNUMs_180_240,blade,knife,scissor,paper,180,191,1FotEKJNUMs
1087,what color is the building behind the man?,0,IgChN4Ccx0s_0_60,it is pink,it is gray,it is white,it is blue,0,6,IgChN4Ccx0s
1088,What color is the stain on the fingernail,0,rBrs_td_b74_180_240,Green,Pink,Blue,Brown,220,224,rBrs_td_b74
1092,Where is the lady working on her project?,0,kOFlCRWEjoI_120_180,On a table,In her garage,At an art studio,Outside,142,149,kOFlCRWEjoI
1093,Where are the woman's glasses?,0,7hfYCrEjdnc_0_60,on top of her head,on her face,on the table,around her neck,0,10,7hfYCrEjdnc
1098,What is he making in this video?,0,obltQfL4xzs_0_60,A quick desert diorama.,a plane,a base board,an army plane,4,10,obltQfL4xzs
1100,What is she wearing on her hand?,0,kOFlCRWEjoI_180_240,a glove,a ring,popsicle sticks,a napkin,226,229,kOFlCRWEjoI
1112,What writing instrument is the man using to trace the plane?,0,obltQfL4xzs_120_180,A pencil,A pen,A crayon,A marker,144,152,obltQfL4xzs
1124,what is the color of paint brush in the table?,0,Eod6vFfXKCI_0_60,yellow,blue,green,white,19,29,Eod6vFfXKCI
1126,What does the person use to cut paper?,0,4-9XwdK8pFk_60_120,exacto knife,safety scissors,both hands,metal ruler,100,104,4-9XwdK8pFk
1135,How many times is water added to the bowl?,0,si0dWQxGjK0_120_180,It is added 5 times.,It is added 3 times.,It is added 4 times.,It is added 6 times.,136,173,si0dWQxGjK0
1147,What is the name of the color that he touched last?,0,pvF3PWgc5DE_180_240,green,red,bright green,purple,233,238,pvF3PWgc5DE
1159,What is the name of the show?,0,A-LhJLSX_vQ_0_60,Show Me The Curry,Show Me The Pepper,Cooking With Curry,Indian Curry Cooking,0,5,A-LhJLSX_vQ
1175,What are the shiny designs embossed onto?,0,n96v20I2cs0_0_60,Brown paper,White card,Yellow cloth,A black envelope,38,45,n96v20I2cs0
1201,Which color nail polish is the lady wearing?,0,Yo_tNF4Px-M_180_240,Red,Blue,Black,Yellow,193,202,Yo_tNF4Px-M
1214,What color is the woman's shirt?,0,QlEa5vK8J0M_120_180,Her shirt is red.,It's a blue shirt.,The shirt is green.,Her shirt is yellow.,120,129,QlEa5vK8J0M
1218,What is the action by which the next ingredient is added after the spinach is mixed?,0,QlEa5vK8J0M_180_240,sprinkling,pouring,squeezing,grinding,209,217,QlEa5vK8J0M
1219,What colour toy car is there in the video?,0,iD-Fba0NJYQ_60_120,Yellow car.,Black.,Blue.,Green.,60,68,iD-Fba0NJYQ
1226,What material is in his hand?,0,4-9XwdK8pFk_180_240,blade,scissor,knife,paper,193,240,4-9XwdK8pFk
1230,How many eggs does the person crack into bowl?,0,cNRDFzHaJAY_60_120,2 ggs,3 eggs,10 eggs,4 eggs,60,65,cNRDFzHaJAY
1232,What color is the left most fridge in the shed?,0,mGa-I_PURS8_60_120,Silver,White,Black,Blue,112,113,mGa-I_PURS8
1240,why he gave first preference to use the RUST- OLEUM ultra cover  flat black spray paint?,0,ps4EdwK-FU4_120_180,Because that black paint is drying quickly,it is ultra cover premium black paint,It is not a normal paint,the paint's effect is clear and quick effective,139,179,ps4EdwK-FU4
1244,What website is featured in the video?,0,EVjxrtrqfxc_0_60,www.valskitchen.com,www.valerieskitchen.com,www.cooksrecipes.com,www.valsrecipes.com,3,9,EVjxrtrqfxc
1249,What color is the apron worn by the host?,0,kWWGed02Xcw_120_180,red,blue,black,white,120,124,kWWGed02Xcw
1253,What is the common color of the apron at folding chair?,0,kWWGed02Xcw_180_240,Red,Blue,Yellow,Black,229,239,kWWGed02Xcw
1265,How many paper cups are lined up?,0,1X5Ukj4OJBo_120_180,Four cups.,Two cups.,Five cups.,Three cups.,137,144,1X5Ukj4OJBo
1271,What is he making in the video?,0,UWOCHocutd4_0_60,Cheese naan,Coconut curry,Onion naan,Plain naan,8,12,UWOCHocutd4
1279,which tool is on the complete right?,0,I_SLBiopwxs_60_120,pliers,screwdriver,wire basket,fly swatter,114,119,I_SLBiopwxs
1280,What color are the protective gloves,0,DKN3FRXUKqI_120_180,Purple,Yellow,White,Beige,131,155,DKN3FRXUKqI
1283,What color are the doors in the background?,0,7RBxA8G4mxg_120_180,The color white.,They are brown doors.,They're green.,The doors are blue.,120,133,7RBxA8G4mxg
1294,What is on top of the small container lid ?,0,iEMuchjSeik_0_60,A grey box.,A stick.,There are only pink and yellow container lids.,Nothing is on top of the small container lid.,10,19,iEMuchjSeik
1295,What is the yellow liquid in the cup?,0,EXZ-bktI72g_0_60,It is resin.,It's pearl ex.,It's juice.,It's alcohol.,8,12,EXZ-bktI72g
1297,how many buckets are there?,0,NdcdXXV9o0M_0_60,Three,Four,Six,Two,23,33,NdcdXXV9o0M
1318,what is the handle color of the saw?,0,5FzCJwc2llM_120_180,it is orange,it is blue,it is green,it is white,123,130,5FzCJwc2llM
1323,what color is the measuring cup,0,UmbeF8FvONE_0_60,the cup is green,the cup is red,the cup is white,the cup is orange,41,60,UmbeF8FvONE
1325,How many cups were used to hold the paint,0,2s7x1rDAPQU_0_60,Four,Three,Ten,Two,6,57,2s7x1rDAPQU
1326,Where did she get Voodoo Berry from?,0,Con-VEjIXzE_120_180,Mad Oils,berry bushes,scientists,herbalists,159,164,Con-VEjIXzE
1355,What is he making in the video?,0,_hxUXwLDyjs_0_60,Plain Naan,Basmati Rice,Chicken Curry,Garlic Naan,14,21,_hxUXwLDyjs
1371,What object is used to cut out the shape?,0,mkoM46FUXy0_60_120,Exacto-knife,scissors,kitchen knife,paper cutter,110,119,mkoM46FUXy0
1373,What color is the cloth used to dry the lettuce?,0,jSZpCzp2FOs_60_120,brown,white,red,black,61,66,jSZpCzp2FOs
1375,what is the shape in paper,0,A7hHUdPzCtM_120_180,square,rectangle,cylinder,cube,154,179,A7hHUdPzCtM
1384,how many small bottles in the video,0,z0d8Qj690ew_0_60,4 bottles,3 bottles,2 bottles,5 bottles,10,27,z0d8Qj690ew
1388,What color is the head of the spatula,0,1Qo0Cn-cnNc_60_120,White,Brown,Green,Blue,104,114,1Qo0Cn-cnNc
1395,What is that device speed?,0,ROGEeHEj7Ug_120_180,3 miles per hours,2 miles per hour,4 miles per hour,5 miles per hours,123,141,ROGEeHEj7Ug
1398,What color is the liquid in the bottel,0,73_f58MHE5U_120_180,Orange,Black,Green,Yellow,120,123,73_f58MHE5U
1401,What color is the towel the woman is using?,0,Eg0aVTA3Jgc_180_240,It is blue.,The color red.,It is brown.,It's green.,224,235,Eg0aVTA3Jgc
1415,What color dress is the reporter wearing?,0,TEjqmYZd1oE_120_180,Orange,Yellow,Green,Blue,139,143,TEjqmYZd1oE
1416,How much paprika and cumin is used each?,0,46isC3DY16M_120_180,1 teaspoon each,2 teaspoons each,1 tablespoon,2 tablespoons,142,147,46isC3DY16M
1420,What are the pink things hanging on the wall to the left of the lady?,0,46isC3DY16M_180_240,Oven Gloves.,Tea towels.,Dog leads,Kitchen aprons.,220,223,46isC3DY16M
1421,Which shelf has three copper bowls on it?,0,QZjJ_qtHk70_0_60,the bottom shelf,the top shelf,the middle shelf,the counter,0,3,QZjJ_qtHk70
1422,what is the woman wearing on her nails?,0,lHdd3Texo5Q_0_60,yellow nail polish,green nail polish,pink nail polish,black nail polish,6,25,lHdd3Texo5Q
1423,What is the man showing?,0,Os1FGVcvJ1c_120_180,wire,scissors,pen,bowl,159,164,Os1FGVcvJ1c
1435,At what level of the apron was the man carrying the cake away ?,0,QZjJ_qtHk70_180_240,Below apron words.,Above apron words.,Covering the apron words.,The cake was never carried away.,184,188,QZjJ_qtHk70
1445,How many brown pads are in this video,0,PWjejEohBb8_60_120,Two,One,Three,Five,62,115,PWjejEohBb8
1453,Does she make a shape with the first mold?,0,SVvEnpbhd9U_180_240,"Yes, a square","Yes, a seashell shape",Yes a circle mold,No she did not,206,212,SVvEnpbhd9U
1469,What is the name of the show?,0,Ca_KtSt223M_0_60,Easy To Keto.,Keto is Easy.,Easy Keto.,Ketosis the Easy Way.,13,18,Ca_KtSt223M
1475,how many bottles are there?,0,12yCgkJ99GI_120_180,1 bottle,3 bottle,5 bottle,8 bottle,160,169,12yCgkJ99GI
1495,What is the yellow object just behind the mans hands?,0,yl_aviXjAvQ_180_240,A pencil.,A pen.,A ruler.,A notebook.,235,240,yl_aviXjAvQ
1516,How many women in this video?,0,4cbBc5ZexF4_60_120,4,2,5,7,74,107,4cbBc5ZexF4
1533,How does he press the ingredients into the dough?,0,N2GNhYyDoeQ_180_240,With a rolling pin,With his hand,With a spoon,He doesn't,188,239,N2GNhYyDoeQ
1541,What color is the woman's sweater?,0,4DpBnYhGvrQ_120_180,It's green.,The color red.,It's a blue sweater.,It's brown.,120,128,4DpBnYhGvrQ
1551,What type of cutting material is used in this video?,0,K4sGL7nuLMw_60_120,Blade,Scissor,Trimming snip,knife,60,64,K4sGL7nuLMw
1554,What is the color of the scissor?,0,ZHWzzQUZEUk_60_120,Orange,Yellow,Black,Red,62,74,ZHWzzQUZEUk
1567,What is the Color of her hoodie?,0,U1CrUsMAERs_0_60,Pink,Orange,Yellow,Blue,27,34,U1CrUsMAERs
1568,how long do you let it rise,0,WCnUZ7wqzgc_180_240,1 hour,10 hours,40 minutes,10 minutes,180,221,WCnUZ7wqzgc
1573,What color is the pot held by the man?,0,Rg1BQ6GlJ-I_60_120,Orange,Purple,Green,Blue,60,64,Rg1BQ6GlJ-I
1576,What color product that women having in their hand?,0,U1CrUsMAERs_180_240,Red,Green,Yellow,Pink,229,239,U1CrUsMAERs
1586,which one is she cleaning in the water?,0,hLOXp_aK188_60_120,masroom,chicken,fish,mutton,66,112,hLOXp_aK188
1592,What model object is the host planning to add?,0,D__CRC7hMCs_0_60,trees,grass,train,animals,34,38,D__CRC7hMCs
1605,what color is the finger touching?,0,za7c2zu7-xA_120_180,orange color,black color,red color,hot pink,123,180,za7c2zu7-xA
1606,How many minutes it will mix after putting oil?,0,wZeEw-5-HFI_120_180,Two,Seven,Four,Five,164,180,wZeEw-5-HFI
1624,What is the first ingredient added in this recipe?,0,g4iohIKZcUo_120_180,Venilla Extract,Brown Sugar,Egg,White Sugar,120,127,g4iohIKZcUo
1627,how many bottles are there in the table?,0,Eogwfb4LPLs_180_240,five,Six bottles,two bottles,one bottle,217,222,Eogwfb4LPLs
1639,Where does the man attach the telescope cut-out?,0,ZHWzzQUZEUk_180_240,On the left side of the box,on the right side of the box,on the back of the box,He doesn't attach a telescope,203,214,ZHWzzQUZEUk
1644,how many packets is the person holding?,0,vgkRuPwd8Fw_60_120,three,one,many,none,60,66,vgkRuPwd8Fw
1647,What did the man put through the bottle?,0,MGKmhmo79zw_180_240,glue,water,juice,oil,186,191,MGKmhmo79zw
1650,What is the color of gel in the table?,0,NFG7f-pm9r0_0_60,Red,blue,green,white,0,1,NFG7f-pm9r0
1661,How many White Horses are there?,0,JqGQy1ikzBU_120_180,Seven,Eight,Nine,Five,122,131,JqGQy1ikzBU
1664,how many bowls are there in the table?,0,ZC0S6ua9rEA_0_60,one,two,five,six,52,60,ZC0S6ua9rEA
1669,What is the name of the recipe?,0,xcnxIrUxpXw_0_60,Fresh Cherry Cobbler.,Old Cherry Cobbler.,Strawberry Cobbler.,Rhubarb Cobbler.,0,3,xcnxIrUxpXw
1708,What is the last thing that the lady puts on the cake?,0,GOFC9x0WM1Y_180_240,Fruit,Candles,Chocolate,Sprinkles,230,239,GOFC9x0WM1Y
1710,What Colors are being shown in the video?,0,4G6MPr5z2hQ_120_180,"Purple, Orange, Blue, Pink, Black, and Green","Purple, Orange, Blue, Pink, Red, and Green","Purple, Orange, Blue, Pink,","Purple, Orange, and Green",131,143,4G6MPr5z2hQ
1720,what is the color of pencil in the table?,0,z64zN-Un5II_60_120,yellow,white,orange,green,89,97,z64zN-Un5II
1723,What does the woman use to smooth out the whipped cream?,0,7R873Gd4pXM_120_180,A spatula.,A spoon.,She uses a knife.,She uses a fork.,128,140,7R873Gd4pXM
1725,what she poured into the cup?,0,yaRZuucm-Ls_60_120,flour,Cream,Cocoa powder,jam,99,106,yaRZuucm-Ls
1782,What does the man use to cut the string?,0,pMranJqfnwM_0_60,A cutter,A pair of scissors,A kitchen knife,A can opener,11,25,pMranJqfnwM
1783,Who does she say she has a crush on?,0,Kmno5vcbyRk_0_60,She has a crush on Ash,She has a crush on Kevin,She has a crush on Maria,She has a crush on Sean,8,14,Kmno5vcbyRk
1785,What does the man pick up after placing the white picture frame over the art picture scene?,0,KqQuO6d0yT0_120_180,green picture frame,paint brushes,molding clay,red picture frame,120,140,KqQuO6d0yT0
1790,How many real animals are there?,0,QELB3Hj3ECs_0_60,1,2,3,0,10,60,QELB3Hj3ECs
1793,What is the name of the show?,0,eAkgMJ1zGuk_0_60,Baking With Ella.,Ella's Recipes.,Baking With Martha.,Ella And Baking.,34,38,eAkgMJ1zGuk
1795,What he is taken in the hand?,0,pMranJqfnwM_120_180,Coil Motor,Pen,Eraser,Pencil,144,166,pMranJqfnwM
1800,What is the ingredient name in green color cup?,0,eAkgMJ1zGuk_60_120,Salt,Sugar,Flour,Baking Soda,86,89,eAkgMJ1zGuk
1805,How many pieces is the butter chopped into?,0,f-gwhMDFOHE_120_180,6,8,4,2,159,180,f-gwhMDFOHE
1807,how many bowls are there?,0,eAkgMJ1zGuk_120_180,three,one,many,ten,137,141,eAkgMJ1zGuk
1813,What color is the mixer?,0,eAkgMJ1zGuk_180_240,White with a pink stripe,White with a blue stripe,Blue with a pink stripe,Pink with a white stripe,184,188,eAkgMJ1zGuk
1828,How many mules in the mule team on the Borax box?,0,_xdrmR5j2yA_60_120,Twenty mules.,It's a ten mule team.,One mule.,A five mule team.,72,91,_xdrmR5j2yA
1852,Which of the two blue boxes does the man pick up first?,0,KqQuO6d0yT0_180_240,box on the left,box on the right,neither box,both boxes at same time,223,226,KqQuO6d0yT0
1853,What does the lady use to put the baking powder into the mix?,0,j2jAYUFBIw8_0_60,A cup,A teaspoon,A packet,A wooden spoon,26,33,j2jAYUFBIw8
1854,What is the color of his t shirt?,0,bacWe0ZEcQ0_60_120,Grey,Black,Orange,Sky Blue,82,99,bacWe0ZEcQ0
1855,What color is the second silver one he shows?,0,7HZkGCeruM0_60_120,Black silver,Dark shadow grey,Grey silver,Dark silver,72,77,7HZkGCeruM0
1857,What do you need to complete this project?,0,bacWe0ZEcQ0_120_180,tape and a knife,tape and scissors,scissors and string,tape and string,120,154,bacWe0ZEcQ0
1858,How many ingredients are shown that will be used in the recipe?,0,PEBYKhVnTDA_0_60,Five ingredients.,Three ingredients.,Six ingredients.,Four ingredients.,23,33,PEBYKhVnTDA
1872,What object is next to the pen?,0,Edc37hoSD7Y_120_180,Tape,Ruler,Eraser,Sharpener,133,141,Edc37hoSD7Y
1884,What kind of utensil is the woman using?,0,3TO8hSIIffc_120_180,A spatula.,She is using a fork.,She's using a spoon.,A knife.,140,153,3TO8hSIIffc
1889,What color did the person forget to mention at first?,0,pECalLbLdF4_120_180,Titanium White,Stark White,Titanium Grey,Light Grey,120,129,pECalLbLdF4
1897,What is the main color of the motor,0,Uo_F5Vgqib4_120_180,Grey,Black,Brown,Yellow,171,180,Uo_F5Vgqib4
1902,How many ingredients are initially blended ?,0,ovjVbOlKB6g_60_120,Four ingredients.,"Only flour, milk, and egg were mixed together first.",Eight ingredients were mixed together in total.,Two ingredients were initially blended.,61,86,ovjVbOlKB6g
1913,How many round containers are in the package?,0,He7UjsX-Cxo_120_180,There are four.,There's two.,There are two containers.,There are three.,131,142,He7UjsX-Cxo
1914,What does he use to clean up the knife cuts in the foam?,0,fvY0Es00ObQ_60_120,Sand paper.,an exact o knife,a dremmel,a belt sander,91,110,fvY0Es00ObQ
1926,Why should you mix your soap well?,0,YeFrTtzyXZw_60_120,Unmixed lye particles could be left,For the smell,To preserve color,To make it ash,73,78,YeFrTtzyXZw
1947,What color is the floor?,0,Q5QCpl8DRvQ_0_60,Tan,Grey,Black,Brown,50,53,Q5QCpl8DRvQ
1954,how did the lady using the tube bottle?,0,c77kbDMzPxQ_180_240,backward side,front side,straight,normal,187,232,c77kbDMzPxQ
1957,What is the name that is being said?,0,_QQQAVNKIPE_120_180,Sugar,Baxter,Honey,Sweetie,120,155,_QQQAVNKIPE
1960,How many alley wrench tool,0,0gs9vGqPuBg_0_60,Two,One,Three,Four,42,58,0gs9vGqPuBg
1967,What color is the petal of the first flower picked up?,0,ZCG-l6Fv5CI_120_180,Orange,Yellow,Red,Green,143,144,ZCG-l6Fv5CI
1972,How many colored rectangles are there?,0,0hPt8tvUvn8_120_180,8,4,2,10,120,179,0hPt8tvUvn8
1977,How many bananas did the lady bring out,0,d5ZnSs6ISNY_60_120,Two,Three,Five,Four,95,117,d5ZnSs6ISNY
1992,What animal is portrayed on the lid of the yellow jar?,0,wkarGfo1CgA_0_60,A fox,A dog,A snail,A gorilla,44,48,wkarGfo1CgA
2007,How many bananas are there ?,0,qPNQI8z4zKc_60_120,Nine to eleven.,One to four.,Five to Six.,One bunch of bananas.,70,74,qPNQI8z4zKc
2012,What color is the spoon used for inserting the ingredients?,0,Q4L8Jzf9tVk_60_120,yellow,red,blue,green,60,69,Q4L8Jzf9tVk
2016,How much butter does the person put into the mix?,0,GI7pXHQ01XI_180_240,One cup.,A half cup.,Two cups of butter.,A cup and a half.,212,217,GI7pXHQ01XI
2025,What is the woman carrying when she leaves the house?,0,ozSjgbwi2FA_60_120,A watering can.,A bucket.,A bowl.,She is carrying a shovel.,60,66,ozSjgbwi2FA
2026,What does the person use to stir the sauce?,0,YPUnp7Ym9MU_120_180,A spatula.,They use a spoon.,It's a fork.,It's a whisk.,155,163,YPUnp7Ym9MU
2027,What sentence is on screen?,0,N8Wh33ALfAE_120_180,Soaps N Suds N Such,Suds N Soaps N Such,Suds N Suds N Suds,Soaps N Soaps N More Soaps,120,179,N8Wh33ALfAE
2036,What kind of books are on the top left shelf of the library?,0,StzG4xPCiA0_0_60,Adventure books,Sports books,Science books,Fictional books.,35,42,StzG4xPCiA0
2059,how many cups are their?,0,mZbVAG0KgLA_60_120,7,8,10,15,117,119,mZbVAG0KgLA
2070,How many buttons are on the Chef's jacket,0,vxg0GRQv5Rw_60_120,Six Buttons,Four Buttons,Two Buttons,Ten Buttons,81,112,vxg0GRQv5Rw
2080,What is the woman holding the soap against?,0,uqzFLY967vI_180_240,A tea kettle.,A pot.,A fork.,A bowl.,183,189,uqzFLY967vI
2084,What color was the building shown?,0,hCMjdAesRfI_60_120,orange,red,gray,blue,77,84,hCMjdAesRfI
2085,What kind of animal is in the woods?,0,S-O6fIzXiAY_0_60,A dog.,A fox.,A deer.,A bear.,20,22,S-O6fIzXiAY
2089,what is the man wearing on his head?,0,UUfL92r63A0_0_60,some earrings,a bandana,a hat,some glasses,0,8,UUfL92r63A0
2092,How many paint bottles were held up to the camera in total ?,0,UUfL92r63A0_60_120,There were three bottles.,No paint bottles.,Only two paint bottles in total were held up to the camera.,Four bottles. Two in the beginning and two at the end.,114,118,UUfL92r63A0
2108,What is the color of the table?,0,DutTXvJNx-4_120_180,Yellow,Red,Green,Blue,130,138,DutTXvJNx-4
2117,What color is the spatula that the person is using?,0,18TwafaR6mY_180_240,The color blue.,A green spatula.,A brown spatula.,The color red.,207,237,18TwafaR6mY
2125,What color is the belt ?,0,eTRaxsY4GBU_0_60,White.,There are no belts.,Yellow.,Blue.,16,26,eTRaxsY4GBU
2136,What kind of insect is featured on the video clip above?,0,G8HKYTEiMh4_0_60,Mosquito,Dragonfly,Grasshopper,Bug,49,59,G8HKYTEiMh4
2153,What color and type of flower that's on the vase?,0,SWn7ElfyWdQ_0_60,white roses,yellow sunflowers,pink roses,red roses,30,35,SWn7ElfyWdQ
2174,What is the name of the show?,0,5NBA39OlHRU_0_60,Ghetto Chef.,Fancy Chef.,Urban Chef.,Suburban Chef.,2,6,5NBA39OlHRU
2186,Where is the man situated?,0,AmGVSh5eTSw_120_180,In front of a house,Inside a room,At the beach,In a library,140,160,AmGVSh5eTSw
2190,Which part of the dog is the woman holding on to?,0,1Ag8V7grYGc_120_180,it's tail,it's leg,it's ear,it's head,126,131,1Ag8V7grYGc
2210,what is the color of his t-shirt?,0,ogpK9CAcNLo_60_120,white,blue,green,yellow,63,70,ogpK9CAcNLo
2234,What color is the rubber spatula?,0,JtY2V3rnro0_120_180,red,black,silver,yellow,130,137,JtY2V3rnro0
2241,What color are the scissors in the picture behind the man?,0,E_pIOCilcaE_120_180,The scissors are green.,They are blue.,The scissors are grey.,They are brown.,120,126,E_pIOCilcaE
2252,how many onions are there in the table?,0,1AEh15rh3NE_0_60,one,two,three,four,13,24,1AEh15rh3NE
2253,What is the color of the door knob of the car showed in the video clip?,0,GFBuxouAvp8_0_60,Black,White,Blue,Red,0,45,GFBuxouAvp8
2256,what is the lady talking about,0,G0sndrWjv74_0_60,talking about people,politicts,bad appearance,not caring the garden,11,47,G0sndrWjv74
2258,How many folders available in the directory?,0,a2scSiFeMGw_60_120,one,five,eight,ten,80,87,a2scSiFeMGw
2263,How many eggs are seen cracked ?,0,jkt75e7mdvQ_120_180,Two.,Four.,Three.,One.,121,128,jkt75e7mdvQ
2280,What kind of puzzles for kids are featured in the video?,0,tl11sBMy20U_120_180,Simple puzzles for kids.,Complicated puzzles.,Hard puzzles.,Easy puzzles.,136,146,tl11sBMy20U
2285,What is the color of the car's rubber ring?,0,h0sRnOU6fAE_120_180,black,green,blue,white,172,181,h0sRnOU6fAE
2306,How many steps does the stepladder have?,0,v6DqwFz1Ltw_120_180,2 steps,3 steps,4 steps,1 step,172,175,v6DqwFz1Ltw
2314,what is the main part of thevideo?,0,0WA58hZ21b4_0_60,ROLLER BLIND,door,window,desk,20,46,0WA58hZ21b4
2317,how many eggs are added in the bowl?,0,LTga9F7x1xw_120_180,three eggs,only one,there are two,there are nothing,128,169,LTga9F7x1xw
2319,What color is the watch worn  by the host?,0,TzM8sCiFWRw_60_120,silver,black,red,gold,60,66,TzM8sCiFWRw
2338,what kind of video is this?,0,5EZ88EkxE0E_180_240,camera recording,ceremony,party,cooking,186,213,5EZ88EkxE0E
2339,which is used for making?,0,8BOyqErRvFc_0_60,fish,chicken,crabs,meat,27,49,8BOyqErRvFc
2342,what was the colour of pan?,0,ohQCOld_cGw_60_120,black in colour,silver colour,transparent white,fanta orange,65,77,ohQCOld_cGw
2353,what does the woman doing in this video?,0,fWxpW2iyFpM_120_180,stirred together with spoon,mixed well,mixing with spoon,mixing in a pan,139,145,fWxpW2iyFpM
2355,what was the colour of an liquid inside water bottle?,0,Lc-Q6f4h01s_0_60,yellow in colour,dark red,light green,fanta orange,42,57,Lc-Q6f4h01s
2356,What item kept blowing away in the wind,0,5ZDbSnPQnF0_0_60,Paper Towel,Spoon,Baking Soda,Grass,5,57,5ZDbSnPQnF0
2360,What is the color of the pan?,0,MSn-ekrpCVM_120_180,White,Yellow,Black,Red,149,168,MSn-ekrpCVM
2362,Which body part did the host aim his weapon at?,0,cNc2R6Pmk7U_0_60,the head,the chest,the legs,the shoulders,0,6,cNc2R6Pmk7U
2372,How much volt the machine contains?,0,xWVZERtnJMk_0_60,+12V or - 12V,between 10 to 15V,Greater than 10V,Less than 20V,19,43,xWVZERtnJMk
2374,What word did the man use to describe what happened?,0,JWuAAx97B84_180_240,whoa,Really far,Bang,wow,200,221,JWuAAx97B84
2402,What food is sitting the cutting board?,0,w1y1jYfZdNo_60_120,tomatoes,potatoes,apple,peach,117,119,w1y1jYfZdNo
2419,what is the color the person puts on the object?,0,gAjmj6-926o_180_240,it is red,it is green,it is blue,it is purple,180,186,gAjmj6-926o
2433,what colour of the t shirt wearing the lady?,0,_PePPzrsFmg_0_60,black colour,blue colour,red colour,green colour,13,40,_PePPzrsFmg
2438,How many windows are shown in the video?,0,aaiyqiGV3W0_60_120,Two,One,Three,Four,80,92,aaiyqiGV3W0
2439,what is the color of the man's shirt?,0,y1LhbTIwKD8_0_60,it is black,it is green,it is orange,it is white,0,6,y1LhbTIwKD8
2461,What color is the shirt worn by the host?,0,Uj0A7U8nJFQ_0_60,black,blue,brown,green,48,60,Uj0A7U8nJFQ
2494,what does the video show?,0,8vbgBg4zhU0_180_240,vegitable salad,salad,oil,garam masala,188,232,8vbgBg4zhU0
2514,"What protective gear covers the most of the four golden character's bodies, situated to the left of the blurp that reads, '""Collected Modern Elves Mono Green.""",0,TIQXfZiYJzE_0_60,A shield,A suit of armor,A camouflage jumpsuit,A spacesuit,16,24,TIQXfZiYJzE
2520,what does the video shows?,0,rtKED0fPvZ0_120_180,its a video game,book,game,food,127,175,rtKED0fPvZ0
2558,what does the two lady's are doing in this video?,0,S0dRWafAYQk_180_240,speaking in a separate mike,speak in mike,speak loud,two mikes,195,202,S0dRWafAYQk
2577,How many men behind the bar are wearing glasses?,0,NCFeJFzGOQ8_60_120,One man.,Three men.,Seven men.,Two men.,60,65,NCFeJFzGOQ8
2581,How do the men drink the liquid?,0,NCFeJFzGOQ8_120_180,Straight from the bottle.,From a glass.,They don't drink any.,They pour it into a glass.,139,147,NCFeJFzGOQ8
2585,What is the person using to stir?,0,wRzKQ4q6EGU_120_180,wooden log,spatula,spoon,fork,120,127,wRzKQ4q6EGU
2593,What color is the bucket in front of the woman that is feeding her garden?,0,BmIGxlZCT-k_60_120,It's red,It's blue,It's white,It's black,62,65,BmIGxlZCT-k
2600,What items are used in the video to divide the sections of the garden?,0,jZIf9O4T4vc_60_120,Cinder blocks,Rocks,Buildings,Brick walls,60,70,jZIf9O4T4vc
2642,what are shown in the video?,0,_R5gBG_bVrQ_0_60,candles,cooking items,planting tools,grocry items,6,50,_R5gBG_bVrQ
2676,what color are the seats the people are on?,0,O0mStrxzAI8_0_60,they are white,they are gray,they are red,they are blue,0,7,O0mStrxzAI8
2686,What is the Color of her Dress?,0,8Ug1MnU6LKw_0_60,Pink,Red,Blue,Yellow,12,28,8Ug1MnU6LKw
2690,Where was the car inside of in the video?,0,ZT_uuEGJku8_60_120,A cardboard box,Inside of house,Inside of another car,Inside of grocery shop,96,100,ZT_uuEGJku8
2726,What pattern is on the woman with the bright blue shirt?,0,si0dWQxGjK0_60_120,Polka dots,Stripes,Waves,,60,90,si0dWQxGjK0
2733,What boxed product is featured in the video?,0,vxhZ7uE7glY_60_120,Corked Roadbed.,Train tracks.,Road bed.,Red pencils.,67,72,vxhZ7uE7glY
2734,What colors are the round disks the man puts in the buckets?,0,X-hZM-nqfBA_60_120,Red and green.,Blue and red.,Red and orange.,They are both red.,67,75,X-hZM-nqfBA
2735,What does the narrator move around in her fingers?,0,GteM_vY3RNc_120_180,It appears to be a bead,A small cherry,A piece of red chocolate,Something she found on the ground,134,142,GteM_vY3RNc
2745,What does the woman do to the blue dot?,0,ZuLZZmlxFAI_0_60,cut it with a knife,smush it,throw it away,add it to the clay,31,36,ZuLZZmlxFAI
2759,How many total bananas does the person hold up with both hands?,0,12R_3aUxl7s_0_60,9 bananas,10 bananas,20 bananas,30 bananas,15,24,12R_3aUxl7s
2760,Where is the pan and cookie sheet sittin?,0,_e4DpIfe3m4_60_120,On a stove.,On a kitchen counter.,Inside a refrigerator,On the dining room table.,67,76,_e4DpIfe3m4
2765,how many soap bars are being shown?,0,Hg2mZGwHOqU_0_60,three,one,many,ten,4,9,Hg2mZGwHOqU
2772,what was the fruit in her hand?,0,mL8vA56iLpI_0_60,plumps,jackfruit,apple,orange,49,60,mL8vA56iLpI
2774,What color is the brush handle ?,0,N2GNhYyDoeQ_120_180,Transparent.,Red.,Black.,Brown.,129,141,N2GNhYyDoeQ
2783,What color is the knife the woman is using?,0,wFEY1QKiWeQ_180_240,The color orange.,A blue knife.,A grey knife.,The color green.,183,200,wFEY1QKiWeQ
2785,How long do you let the lettuce sit in the colander?,0,SeDTyALBgik_60_120,For quite up to 2 hrs,5 minutes,10 minutes,2 minutes,60,76,SeDTyALBgik
2786,What is the color of his T Shirt?,0,KCB_gpUnfmg_0_60,Pink,Red,Yellow,Orange,9,20,KCB_gpUnfmg
2807,how many bottle that  person was take in his hand ?,0,NwXBvc-FmhU_0_60,Two bottle that  person was take in his hand,Three bottle that  person was take in his hand,4 bottle that  person was take in his hand,1 bottle that  person was take in his hand,13,25,NwXBvc-FmhU
2814,what was the shape of the part?,0,dfuGPfounNE_60_120,cylinder,cube,cubiod,square,77,120,dfuGPfounNE
2835,What color is the mixture the woman is mixing?,0,Q4L8Jzf9tVk_120_180,The color is a light blue.,The color is a dark black.,The color is a light orange.,It has no color.,120,125,Q4L8Jzf9tVk
2845,"Of the first three freestanding cardboard shapes made, which one has the green lines on its surface?",0,neRIqRtfV5E_60_120,The shape in the middle.,The biggest one.,There are red lines on the smallest shape.,The lines are gold in color.,66,76,neRIqRtfV5E
